{
	success:true,
	rows:[
		{
			"id":"1",
			"title":"Office Space",
			"director":"Mike Judge",
			"released":"1999-02-19",
			"filmed_in":"0",
			"genre":"1",
			"tagline":"Work Sucks",
			"coverthumb":"84m.jpg",
			"price":"19.95",
			"available":"1"
		},{
			"id":"3",
			"title":"Super Troopers",
			"director":"Jay Chandrasekhar",
			"released":"2002-02-15",
            "filmed_in":"0",
			"genre":"1",
			"tagline":"Altered State Police",
			"coverthumb":"42m.jpg",
			"price":"14.95",
			"available":"1"
		},{
			"id":"4",
			"title":"American Beauty",
			"director":"Sam Mendes",
			"released":"1999-10-01",
            "filmed_in":"0",
			"genre":"2",
			"tagline":"... Look Closer",
			"coverthumb":"12m.jpg",
			"price":"19.95",
			"available":"1"
		},{
			"id":"5",
			"title":"The Big Lebowski",
			"director":"Joel Coen",
			"released":"1998-03-06",
            "filmed_in":"0",
			"genre":"1",
			"tagline":"The \"Dude\"",
			"coverthumb":"49m.jpg",
			"price":"21.90",
			"available":"1"
		},{
			"id":"6",
			"title":"Fight Club",
			"director":"David Fincher",
			"released":"1999-10-15",
            "filmed_in":"0",
			"genre":"3",
			"tagline":"How much can you know about yourself...",
			"coverthumb":"94m.jpg",
			"price":"19.95",
			"available":"1"
		}
	]
}